{"cameraMode":{"drawMode":0,"name":"Shaded","section":"Shading Mode"},"sceneLighting":true,"audioPlay":false,"sceneViewState":{"m_AlwaysRefresh":false,"showFog":true,"showSkybox":true,"showFlares":true,"showImageEffects":true,"showParticleSystems":true,"showVisualEffectGraphs":true,"m_FxEnabled":true},"in2DMode":false,"pivot":{"x":10.028533935546875,"y":40.05774688720703,"z":-61.40092849731445},"rotation":{"x":0.3107073903083801,"y":-0.007533653173595667,"z":0.0017286777729168535,"w":0.9506062865257263},"size":6.374737739562988,"orthographic":false}